order_id,line_item_id,product_id,variant_id,qty,created_at
1999285780613,4444742025349,NULL,NULL,1,2020-02-13T21:28:39Z
1999288041605,4444745859205,NULL,NULL,1,2020-02-13T21:30:58Z
1999288041605,4444745891973,NULL,NULL,1,2020-02-13T21:30:58Z
1999288041605,4444745924741,NULL,NULL,1,2020-02-13T21:30:58Z
1999290826885,4444750151813,NULL,NULL,1,2020-02-13T21:34:16Z
1999290826885,4444750184581,NULL,NULL,1,2020-02-13T21:34:16Z
2022479102085,4492398329989,NULL,NULL,1,2020-02-25T22:48:20Z
2022494142597,4492421202053,NULL,NULL,1,2020-02-25T22:52:26Z
2022501286021,4492433490053,NULL,NULL,1,2020-02-25T22:54:25Z
2031849865349,4508358574213,NULL,NULL,1,2020-02-29T20:33:14Z
2930823069829,6352662888581,NULL,NULL,1,2021-01-03T23:06:17Z
2930823069829,6352662921349,NULL,NULL,1,2021-01-03T23:06:17Z
2930823069829,6352662954117,NULL,NULL,1,2021-01-03T23:06:17Z
2930823069829,6352662986885,NULL,NULL,1,2021-01-03T23:06:17Z
3643803959429,9596602155141,NULL,NULL,1,2021-03-01T17:44:21Z
3643813167237,9596623421573,NULL,NULL,1,2021-03-01T17:54:37Z
3646233739397,9601351745669,NULL,NULL,1,2021-03-03T15:30:18Z
3646235803781,9601355415685,NULL,NULL,1,2021-03-03T15:32:28Z
3650056421509,9608959590533,NULL,NULL,1,2021-03-06T18:08:27Z
3652142628997,9613139443845,NULL,NULL,1,2021-03-08T15:10:10Z
3652148494469,9613150027909,NULL,NULL,1,2021-03-08T15:16:26Z
3652150624389,9613154746501,NULL,NULL,1,2021-03-08T15:18:40Z
3652154327173,9613161955461,NULL,NULL,1,2021-03-08T15:21:54Z
3652154327173,9613161988229,NULL,NULL,1,2021-03-08T15:21:54Z
3652156489861,9613166477445,NULL,NULL,4,2021-03-08T15:24:09Z
3652159340677,9613171982469,NULL,NULL,1,2021-03-08T15:27:26Z
3652161536133,9613176307845,NULL,NULL,2,2021-03-08T15:29:39Z
3652163469445,9613180698757,NULL,NULL,1,2021-03-08T15:31:22Z
3652171858053,9613197017221,NULL,NULL,1,2021-03-08T15:39:49Z
3652175691909,9613205536901,NULL,NULL,1,2021-03-08T15:43:03Z
3652178018437,9613209731205,NULL,NULL,1,2021-03-08T15:45:42Z
3652181557381,9613217202309,NULL,NULL,1,2021-03-08T15:48:54Z
3652187193477,9613229129861,NULL,NULL,1,2021-03-08T15:54:16Z
3652192108677,9613239648389,NULL,NULL,1,2021-03-08T16:00:02Z
3652192108677,9613239681157,NULL,NULL,1,2021-03-08T16:00:02Z
3652192108677,9613239713925,NULL,NULL,1,2021-03-08T16:00:02Z
3652192108677,9613239746693,NULL,NULL,1,2021-03-08T16:00:02Z
3652192108677,9613239779461,NULL,NULL,1,2021-03-08T16:00:02Z
3652192108677,9613239812229,NULL,NULL,1,2021-03-08T16:00:02Z
3652192108677,9613239844997,NULL,NULL,1,2021-03-08T16:00:02Z
3652192108677,9613239877765,NULL,NULL,1,2021-03-08T16:00:02Z
3652192108677,9613239910533,NULL,NULL,1,2021-03-08T16:00:02Z
3652192108677,9613239943301,NULL,NULL,1,2021-03-08T16:00:02Z
3652192108677,9613239976069,NULL,NULL,1,2021-03-08T16:00:02Z
3652192108677,9613240008837,NULL,NULL,1,2021-03-08T16:00:02Z
3652192108677,9613240041605,NULL,NULL,1,2021-03-08T16:00:02Z
3652192108677,9613240074373,NULL,NULL,1,2021-03-08T16:00:02Z
3652195647621,9613247807621,NULL,NULL,1,2021-03-08T16:04:31Z
3652223434885,9613295616133,NULL,NULL,1,2021-03-08T16:27:48Z
3652223434885,9613295681669,NULL,NULL,1,2021-03-08T16:27:48Z
3652223434885,9613295747205,NULL,NULL,1,2021-03-08T16:27:48Z
3652225925253,9613300826245,NULL,NULL,1,2021-03-08T16:29:48Z
3652231463045,9613309837445,NULL,NULL,1,2021-03-08T16:33:39Z
3652510023813,9613876527237,NULL,NULL,1,2021-03-08T20:33:48Z
3652513169541,9613883113605,NULL,NULL,1,2021-03-08T20:37:04Z
3652513169541,9613883146373,NULL,NULL,1,2021-03-08T20:37:04Z
3652513169541,9613883179141,NULL,NULL,1,2021-03-08T20:37:04Z
3652515430533,9613888749701,NULL,NULL,1,2021-03-08T20:39:43Z
3652517068933,9613892157573,NULL,NULL,1,2021-03-08T20:41:34Z
3652528341125,9613915029637,NULL,NULL,1,2021-03-08T20:54:01Z
3652528341125,9613915062405,NULL,NULL,1,2021-03-08T20:54:01Z
3652580343941,9614037975173,NULL,NULL,1,2021-03-08T21:51:57Z
3652590928005,9614067761285,NULL,NULL,1,2021-03-08T22:05:10Z
3653269717125,9615391916165,NULL,NULL,1,2021-03-09T15:37:03Z
3653269717125,9615391948933,NULL,NULL,1,2021-03-09T15:37:03Z
3653269717125,9615391981701,NULL,NULL,1,2021-03-09T15:37:03Z
3653269717125,9615392014469,NULL,NULL,1,2021-03-09T15:37:03Z
3653269717125,9615392047237,NULL,NULL,1,2021-03-09T15:37:03Z
3653269717125,9615392080005,NULL,NULL,1,2021-03-09T15:37:03Z
3653269717125,9615392112773,NULL,NULL,1,2021-03-09T15:37:03Z
3653269717125,9615392145541,NULL,NULL,1,2021-03-09T15:37:03Z
3653269717125,9615392178309,NULL,NULL,1,2021-03-09T15:37:03Z
3653272273029,9615397716101,NULL,NULL,1,2021-03-09T15:39:11Z
3653274632325,9615401582725,NULL,NULL,1,2021-03-09T15:41:06Z
3653278302341,9615408398469,NULL,NULL,1,2021-03-09T15:44:31Z
3653280825477,9615413706885,NULL,NULL,1,2021-03-09T15:47:10Z
3653285314693,9615422783621,NULL,NULL,1,2021-03-09T15:51:40Z
3653288296581,9615429795973,NULL,NULL,1,2021-03-09T15:54:57Z
3653342724229,9615532589189,NULL,NULL,1,2021-03-09T16:46:44Z
3653391941765,9615635251333,NULL,NULL,1,2021-03-09T17:38:26Z
3653391941765,9615635284101,NULL,NULL,1,2021-03-09T17:38:26Z
3653391941765,9615635316869,NULL,NULL,2,2021-03-09T17:38:26Z
3653391941765,9615635349637,NULL,NULL,1,2021-03-09T17:38:26Z
3653391941765,9615635382405,NULL,NULL,1,2021-03-09T17:38:26Z
3653391941765,9615635415173,NULL,NULL,1,2021-03-09T17:38:26Z
3653395644549,9615643476101,NULL,NULL,1,2021-03-09T17:42:34Z
3653422874757,9615699345541,NULL,NULL,1,2021-03-09T18:08:53Z
3653422874757,9615699378309,NULL,NULL,1,2021-03-09T18:08:53Z
3653422874757,9615699411077,NULL,NULL,2,2021-03-09T18:08:53Z
3653471043717,9615771172997,NULL,NULL,1,2021-03-09T18:35:10Z
3653471043717,9615771205765,NULL,NULL,1,2021-03-09T18:35:10Z
3653471043717,9615771238533,NULL,NULL,1,2021-03-09T18:35:10Z
3653485068421,9615804596357,NULL,NULL,1,2021-03-09T18:48:42Z
3653489590405,9615814459525,NULL,NULL,1,2021-03-09T18:53:46Z
3653489590405,9615814492293,NULL,NULL,1,2021-03-09T18:53:46Z
3653561712773,9615963619461,NULL,NULL,1,2021-03-09T20:07:06Z
3653561712773,9615963652229,NULL,NULL,1,2021-03-09T20:07:06Z
3653561712773,9615963684997,NULL,NULL,1,2021-03-09T20:07:06Z
3653604343941,9616061137029,NULL,NULL,1,2021-03-09T20:53:05Z
3653604343941,9616061169797,NULL,NULL,1,2021-03-09T20:53:05Z
3653608734853,9616068837509,NULL,NULL,1,2021-03-09T20:58:09Z
3653638619269,9616133816453,NULL,NULL,1,2021-03-09T21:31:18Z
3653640814725,9616139190405,NULL,NULL,1,2021-03-09T21:34:17Z
3653648842885,9616156065925,NULL,NULL,1,2021-03-09T21:43:16Z
3653650677893,9616159768709,NULL,NULL,1,2021-03-09T21:45:34Z
3653650677893,9616159801477,NULL,NULL,1,2021-03-09T21:45:34Z
3653653332101,9616165798021,NULL,NULL,1,2021-03-09T21:48:24Z
3653653332101,9616165830789,NULL,NULL,1,2021-03-09T21:48:24Z
3653667029125,9616193978501,NULL,NULL,1,2021-03-09T22:04:24Z
3653667029125,9616194011269,NULL,NULL,1,2021-03-09T22:04:24Z
3653669126277,9616198795397,NULL,NULL,1,2021-03-09T22:06:46Z
3653669126277,9616198860933,NULL,NULL,1,2021-03-09T22:06:46Z
3654301319301,9617472749701,NULL,NULL,1,2021-03-10T15:21:42Z
3654303580293,9617477861509,NULL,NULL,1,2021-03-10T15:24:18Z
3654307643525,9617486610565,NULL,NULL,1,2021-03-10T15:28:58Z
3654309773445,9617490870405,NULL,NULL,1,2021-03-10T15:31:34Z
3654314066053,9617502765189,NULL,NULL,1,2021-03-10T15:37:09Z
3654316523653,9617508106373,NULL,NULL,1,2021-03-10T15:39:57Z
3654316523653,9617508204677,NULL,NULL,1,2021-03-10T15:39:57Z
3654316523653,9617508270213,NULL,NULL,1,2021-03-10T15:39:57Z
3654319079557,9617513021573,NULL,NULL,1,2021-03-10T15:42:40Z
3654346276997,9617570529413,NULL,NULL,1,2021-03-10T16:11:13Z
3654400770181,9617684594821,NULL,NULL,1,2021-03-10T17:09:50Z
3654400770181,9617684627589,NULL,NULL,1,2021-03-10T17:09:50Z
3654445367429,9617764515973,NULL,NULL,1,2021-03-10T17:45:35Z
3654445367429,9617764548741,NULL,NULL,1,2021-03-10T17:45:35Z
3654445367429,9617764581509,NULL,NULL,1,2021-03-10T17:45:35Z
3654445367429,9617764614277,NULL,NULL,1,2021-03-10T17:45:35Z
3654445367429,9617764647045,NULL,NULL,1,2021-03-10T17:45:35Z
3654445367429,9617764679813,NULL,NULL,1,2021-03-10T17:45:35Z
3654543540357,9617958273157,NULL,NULL,1,2021-03-10T19:03:54Z
3654605963397,9618089246853,NULL,NULL,1,2021-03-10T20:10:05Z
3654679429253,9618244862085,NULL,NULL,1,2021-03-10T21:26:40Z
3654721339525,9618336972933,NULL,NULL,1,2021-03-10T22:17:25Z
3654723240069,9618340085893,NULL,NULL,1,2021-03-10T22:19:34Z
3654731956357,9618358796421,NULL,NULL,1,2021-03-10T22:31:22Z
3655404224645,9619712311429,NULL,NULL,1,2021-03-11T16:08:37Z
3655404224645,9619712344197,NULL,NULL,1,2021-03-11T16:08:37Z
3655404224645,9619712376965,NULL,NULL,1,2021-03-11T16:08:37Z
3655410483333,9619725975685,NULL,NULL,1,2021-03-11T16:14:50Z
3655411269765,9619728105605,NULL,NULL,1,2021-03-11T16:15:51Z
3655418839173,9619746193541,NULL,NULL,1,2021-03-11T16:23:18Z
3655418839173,9619746226309,NULL,NULL,1,2021-03-11T16:23:18Z
3655418839173,9619746259077,NULL,NULL,1,2021-03-11T16:23:18Z
3655458783365,9619833028741,NULL,NULL,1,2021-03-11T17:06:52Z
3655458783365,9619833061509,NULL,NULL,1,2021-03-11T17:06:52Z
3655482179717,9619882180741,NULL,NULL,1,2021-03-11T17:31:23Z
3655489716357,9619900170373,NULL,NULL,1,2021-03-11T17:39:29Z
3655548174469,9620011122821,NULL,NULL,1,2021-03-11T18:28:21Z
3655548174469,9620011155589,NULL,NULL,1,2021-03-11T18:28:21Z
3655562461317,9620032913541,NULL,NULL,1,2021-03-11T18:34:54Z
3655562461317,9620032946309,NULL,NULL,1,2021-03-11T18:34:54Z
3655670792325,9620260421765,NULL,NULL,3,2021-03-11T20:26:39Z
3655687078021,9620293124229,NULL,NULL,1,2021-03-11T20:43:30Z
3655687078021,9620293156997,NULL,NULL,1,2021-03-11T20:43:30Z
3655709032581,9620340277381,NULL,NULL,1,2021-03-11T21:08:27Z
3655757529221,9620443070597,NULL,NULL,1,2021-03-11T22:03:46Z
3655763918981,9620456571013,NULL,NULL,1,2021-03-11T22:12:18Z
3656473772165,9621825224837,NULL,NULL,1,2021-03-12T15:20:11Z
3656481243269,9621840429189,NULL,NULL,1,2021-03-12T15:28:22Z
3656489828485,9621857894533,NULL,NULL,1,2021-03-12T15:37:53Z
3656491532421,9621862645893,NULL,NULL,1,2021-03-12T15:39:35Z
3656493826181,9621867135109,NULL,NULL,1,2021-03-12T15:41:30Z
3656495693957,9621870084229,NULL,NULL,1,2021-03-12T15:43:09Z
3656499101829,9621875556485,NULL,NULL,1,2021-03-12T15:46:19Z
3656501035141,9621878505605,NULL,NULL,1,2021-03-12T15:48:40Z
3656502902917,9621882175621,NULL,NULL,1,2021-03-12T15:50:12Z
3656577122437,9622039134341,NULL,NULL,1,2021-03-12T17:00:54Z
3656590327941,9622067413125,NULL,NULL,1,2021-03-12T17:10:59Z
3656590327941,9622067478661,NULL,NULL,1,2021-03-12T17:10:59Z
3656630272133,9622150316165,NULL,NULL,1,2021-03-12T17:47:17Z
3656635613317,9622163488901,NULL,NULL,1,2021-03-12T17:52:02Z
3656635613317,9622163521669,NULL,NULL,1,2021-03-12T17:52:02Z
3656638627973,9622170271877,NULL,NULL,1,2021-03-12T17:54:51Z
3656642691205,9622178889861,NULL,NULL,1,2021-03-12T17:58:36Z
3656642691205,9622178922629,NULL,NULL,1,2021-03-12T17:58:36Z
3656652619909,9622199926917,NULL,NULL,1,2021-03-12T18:07:18Z
3656652619909,9622199959685,NULL,NULL,1,2021-03-12T18:07:18Z
3656652619909,9622199992453,NULL,NULL,1,2021-03-12T18:07:18Z
3656652619909,9622200025221,NULL,NULL,1,2021-03-12T18:07:18Z
3656652619909,9622200057989,NULL,NULL,1,2021-03-12T18:07:18Z
3656655470725,9622206742661,NULL,NULL,1,2021-03-12T18:09:50Z
3656659239045,9622213329029,NULL,NULL,1,2021-03-12T18:11:27Z
3656692236421,9622266413189,NULL,NULL,2,2021-03-12T18:26:37Z
3656692236421,9622266445957,NULL,NULL,1,2021-03-12T18:26:37Z
3656694169733,9622269132933,NULL,NULL,1,2021-03-12T18:27:29Z
3656704295045,9622285549701,NULL,NULL,1,2021-03-12T18:32:39Z
3656704295045,9622285615237,NULL,NULL,1,2021-03-12T18:32:39Z
3656705409157,9622287417477,NULL,NULL,1,2021-03-12T18:33:37Z
3656705409157,9622287450245,NULL,NULL,1,2021-03-12T18:33:37Z
3656705409157,9622287483013,NULL,NULL,1,2021-03-12T18:33:37Z
3656709046405,9622295576709,NULL,NULL,1,2021-03-12T18:36:54Z
3656709046405,9622295609477,NULL,NULL,1,2021-03-12T18:36:54Z
3656714551429,9622307045509,NULL,NULL,1,2021-03-12T18:41:45Z
3656717140101,9622311600261,NULL,NULL,1,2021-03-12T18:44:27Z
3656717140101,9622311633029,NULL,NULL,1,2021-03-12T18:44:27Z
3656719630469,9622316253317,NULL,NULL,1,2021-03-12T18:46:53Z
3656719630469,9622316286085,NULL,NULL,1,2021-03-12T18:46:53Z
3656722284677,9622322315397,NULL,NULL,1,2021-03-12T18:49:10Z
3656740700293,9622358786181,NULL,NULL,1,2021-03-12T19:05:41Z
3656744108165,9622366257285,NULL,NULL,1,2021-03-12T19:09:17Z
3656746664069,9622372057221,NULL,NULL,1,2021-03-12T19:11:14Z
3656756002949,9622393258117,NULL,NULL,1,2021-03-12T19:20:31Z
3656756002949,9622393290885,NULL,NULL,1,2021-03-12T19:20:31Z
3656756002949,9622393323653,NULL,NULL,1,2021-03-12T19:20:31Z
3656766193797,9622417244293,NULL,NULL,1,2021-03-12T19:31:15Z
3656766193797,9622417277061,NULL,NULL,1,2021-03-12T19:31:15Z
3656766193797,9622417309829,NULL,NULL,1,2021-03-12T19:31:15Z
3656775434373,9622438215813,NULL,NULL,1,2021-03-12T19:40:25Z
3656775434373,9622438248581,NULL,NULL,1,2021-03-12T19:40:25Z
3656775434373,9622438281349,NULL,NULL,1,2021-03-12T19:40:25Z
3656779825285,9622447423621,NULL,NULL,1,2021-03-12T19:44:38Z
3656787558533,9622462103685,NULL,NULL,1,2021-03-12T19:51:16Z
3656818786437,9622528786565,NULL,NULL,1,2021-03-12T20:19:29Z
3656818786437,9622528819333,NULL,NULL,1,2021-03-12T20:19:29Z
3656818786437,9622528852101,NULL,NULL,1,2021-03-12T20:19:29Z
3656818786437,9622528884869,NULL,NULL,3,2021-03-12T20:19:29Z
3656844935301,9622583771269,NULL,NULL,1,2021-03-12T20:46:43Z
3656844935301,9622583804037,NULL,NULL,1,2021-03-12T20:46:43Z
3656861876357,9622621978757,NULL,NULL,1,2021-03-12T21:03:44Z
3656861876357,9622622011525,NULL,NULL,1,2021-03-12T21:03:44Z
3656861876357,9622622044293,NULL,NULL,1,2021-03-12T21:03:44Z
3656896774277,9622699344005,NULL,NULL,1,2021-03-12T21:38:50Z
3656901787781,9622709633157,NULL,NULL,1,2021-03-12T21:43:32Z
3656906637445,9622719627397,NULL,NULL,1,2021-03-12T21:48:23Z
3656906637445,9622719660165,NULL,NULL,1,2021-03-12T21:48:23Z
3656914075781,9622735257733,NULL,NULL,1,2021-03-12T21:55:39Z
3656943665285,9622800793733,NULL,NULL,1,2021-03-12T22:28:49Z
3656943665285,9622800826501,NULL,NULL,1,2021-03-12T22:28:49Z
3656945074309,9622803316869,NULL,NULL,1,2021-03-12T22:30:29Z
3656945074309,9622803349637,NULL,NULL,1,2021-03-12T22:30:29Z
3656945074309,9622803382405,NULL,NULL,1,2021-03-12T22:30:29Z
3656945074309,9622803415173,NULL,NULL,1,2021-03-12T22:30:29Z
3657610395781,9624122032261,NULL,NULL,1,2021-03-13T15:31:12Z
3657610395781,9624122065029,NULL,NULL,1,2021-03-13T15:31:12Z
3657612132485,9624124817541,NULL,NULL,1,2021-03-13T15:33:10Z
3657612132485,9624124850309,NULL,NULL,1,2021-03-13T15:33:10Z
3657613934725,9624128389253,NULL,NULL,1,2021-03-13T15:35:04Z
3657616851077,9624134713477,NULL,NULL,1,2021-03-13T15:37:24Z
3657618849925,9624139300997,NULL,NULL,1,2021-03-13T15:39:51Z
3657707946117,9624320409733,NULL,NULL,1,2021-03-13T17:01:12Z
3657707946117,9624320442501,NULL,NULL,1,2021-03-13T17:01:12Z
3657707946117,9624320475269,NULL,NULL,1,2021-03-13T17:01:12Z
3657707946117,9624320508037,NULL,NULL,4,2021-03-13T17:01:12Z
3657707946117,9624320540805,NULL,NULL,1,2021-03-13T17:01:12Z
3657714073733,9624335220869,NULL,NULL,1,2021-03-13T17:06:23Z
3657714073733,9624335253637,NULL,NULL,1,2021-03-13T17:06:23Z
3657714696325,9624336269445,NULL,NULL,1,2021-03-13T17:06:51Z
3657737011333,9624385355909,NULL,NULL,1,2021-03-13T17:27:58Z
3657759031429,9624437588101,NULL,NULL,1,2021-03-13T17:48:06Z
3657759031429,9624437620869,NULL,NULL,1,2021-03-13T17:48:06Z
3657759031429,9624437653637,NULL,NULL,1,2021-03-13T17:48:06Z
3657767256197,9624457117829,NULL,NULL,1,2021-03-13T17:55:29Z
3657835774085,9624584126597,NULL,NULL,1,2021-03-13T18:36:36Z
3657835774085,9624584159365,NULL,NULL,1,2021-03-13T18:36:36Z
3657846456453,9624609620101,NULL,NULL,1,2021-03-13T18:46:21Z
3657846456453,9624609652869,NULL,NULL,1,2021-03-13T18:46:21Z
3657847177349,9624611127429,NULL,NULL,1,2021-03-13T18:47:14Z
3657852780677,9624624300165,NULL,NULL,1,2021-03-13T18:52:12Z
3657852780677,9624624365701,NULL,NULL,1,2021-03-13T18:52:12Z
3657852780677,9624624398469,NULL,NULL,1,2021-03-13T18:52:12Z
3657852780677,9624624431237,NULL,NULL,1,2021-03-13T18:52:12Z
3657879519365,9624681316485,NULL,NULL,1,2021-03-13T19:15:38Z
3657880764549,9624683610245,NULL,NULL,1,2021-03-13T19:16:35Z
3657880764549,9624683643013,NULL,NULL,1,2021-03-13T19:16:35Z
3657881616517,9624685576325,NULL,NULL,1,2021-03-13T19:17:19Z
3657897836677,9624720703621,NULL,NULL,1,2021-03-13T19:32:43Z
3657897836677,9624720736389,NULL,NULL,1,2021-03-13T19:32:43Z
3657897836677,9624720769157,NULL,NULL,1,2021-03-13T19:32:43Z
3657897836677,9624720801925,NULL,NULL,1,2021-03-13T19:32:43Z
3657900032133,9624726110341,NULL,NULL,1,2021-03-13T19:34:50Z
3657900032133,9624726143109,NULL,NULL,1,2021-03-13T19:34:50Z
3657918513285,9624763498629,NULL,NULL,1,2021-03-13T19:51:02Z
3657938862213,9624806195333,NULL,NULL,1,2021-03-13T20:08:23Z
3657938862213,9624806228101,NULL,NULL,1,2021-03-13T20:08:23Z
3657938862213,9624806260869,NULL,NULL,1,2021-03-13T20:08:23Z
3657955246213,9624840994949,NULL,NULL,1,2021-03-13T20:23:46Z
3657955246213,9624841027717,NULL,NULL,1,2021-03-13T20:23:46Z
3657955246213,9624841060485,NULL,NULL,1,2021-03-13T20:23:46Z
3657957965957,9624846631045,NULL,NULL,1,2021-03-13T20:26:10Z
3658011902085,9624967839877,NULL,NULL,1,2021-03-13T21:15:34Z
3658011902085,9624967872645,NULL,NULL,1,2021-03-13T21:15:34Z
3658011902085,9624967905413,NULL,NULL,1,2021-03-13T21:15:34Z
3658011902085,9624967938181,NULL,NULL,1,2021-03-13T21:15:34Z
3658011902085,9624967970949,NULL,NULL,1,2021-03-13T21:15:34Z
3658011902085,9624968003717,NULL,NULL,1,2021-03-13T21:15:34Z
3658011902085,9624968036485,NULL,NULL,1,2021-03-13T21:15:34Z
3658017177733,9624981340293,NULL,NULL,1,2021-03-13T21:19:50Z
3658017177733,9624981373061,NULL,NULL,1,2021-03-13T21:19:50Z
3658017177733,9624981405829,NULL,NULL,1,2021-03-13T21:19:50Z
3658019700869,9624987893893,NULL,NULL,1,2021-03-13T21:21:58Z
3658019700869,9624987926661,NULL,NULL,1,2021-03-13T21:21:58Z
3658074652805,9625110872197,NULL,NULL,3,2021-03-13T22:18:34Z
3658074652805,9625110904965,NULL,NULL,3,2021-03-13T22:18:34Z
3658074652805,9625110937733,NULL,NULL,1,2021-03-13T22:18:34Z
3658083500165,9625129222277,NULL,NULL,1,2021-03-13T22:27:06Z
3658105651333,9625179914373,NULL,NULL,1,2021-03-13T22:50:34Z
3658105651333,9625179947141,NULL,NULL,1,2021-03-13T22:50:34Z
3659868438661,9628884140165,NULL,NULL,1,2021-03-15T14:31:20Z
3659868438661,9628884172933,NULL,NULL,1,2021-03-15T14:31:20Z
3659868438661,9628884205701,NULL,NULL,1,2021-03-15T14:31:20Z
3659868438661,9628884238469,NULL,NULL,1,2021-03-15T14:31:20Z
3659868438661,9628884271237,NULL,NULL,1,2021-03-15T14:31:20Z
3659868438661,9628884304005,NULL,NULL,1,2021-03-15T14:31:20Z
3659868438661,9628884336773,NULL,NULL,1,2021-03-15T14:31:20Z
3659868438661,9628884369541,NULL,NULL,1,2021-03-15T14:31:20Z
3659868438661,9628884402309,NULL,NULL,1,2021-03-15T14:31:20Z
3659872862341,9628893544581,NULL,NULL,2,2021-03-15T14:35:51Z
3659875745925,9628901507205,NULL,NULL,1,2021-03-15T14:39:25Z
3659881283717,9628910747781,NULL,NULL,1,2021-03-15T14:44:16Z
3659881283717,9628910780549,NULL,NULL,1,2021-03-15T14:44:16Z
3659885346949,9628919169157,NULL,NULL,1,2021-03-15T14:49:11Z
3659888394373,9628925395077,NULL,NULL,1,2021-03-15T14:52:29Z
3659888394373,9628925427845,NULL,NULL,1,2021-03-15T14:52:29Z
3659888394373,9628925460613,NULL,NULL,1,2021-03-15T14:52:29Z
3659893080197,9628934996101,NULL,NULL,1,2021-03-15T14:58:11Z
3659893080197,9628935028869,NULL,NULL,1,2021-03-15T14:58:11Z
3659893080197,9628935061637,NULL,NULL,1,2021-03-15T14:58:11Z
3659895701637,9628941025413,NULL,NULL,1,2021-03-15T15:00:50Z
3659895701637,9628941058181,NULL,NULL,1,2021-03-15T15:00:50Z
3659898617989,9628947120261,NULL,NULL,1,2021-03-15T15:03:27Z
3659901993093,9628955345029,NULL,NULL,1,2021-03-15T15:06:00Z
3659906121861,9628966551685,NULL,NULL,1,2021-03-15T15:09:06Z
3659911823493,9628980183173,NULL,NULL,2,2021-03-15T15:14:13Z
3659915067525,9628988440709,NULL,NULL,1,2021-03-15T15:17:38Z
3659915067525,9628988473477,NULL,NULL,1,2021-03-15T15:17:38Z
3659915067525,9628988506245,NULL,NULL,1,2021-03-15T15:17:38Z
3659918049413,9628996337797,NULL,NULL,1,2021-03-15T15:20:20Z
3659918049413,9628996370565,NULL,NULL,1,2021-03-15T15:20:20Z
3659922702469,9629008691333,NULL,NULL,1,2021-03-15T15:24:26Z
3659925454981,9629013377157,NULL,NULL,1,2021-03-15T15:27:04Z
3659933778053,9629027369093,NULL,NULL,1,2021-03-15T15:34:03Z
3659933778053,9629027401861,NULL,NULL,1,2021-03-15T15:34:03Z
3659933778053,9629027434629,NULL,NULL,1,2021-03-15T15:34:03Z
3659933778053,9629027467397,NULL,NULL,1,2021-03-15T15:34:03Z
3659933778053,9629027500165,NULL,NULL,1,2021-03-15T15:34:03Z
3659936694405,9629033955461,NULL,NULL,1,2021-03-15T15:36:42Z
3659936694405,9629033988229,NULL,NULL,1,2021-03-15T15:36:42Z
3659943772293,9629047128197,NULL,NULL,1,2021-03-15T15:42:19Z
3659943772293,9629047160965,NULL,NULL,1,2021-03-15T15:42:19Z
3659947245701,9629054206085,NULL,NULL,1,2021-03-15T15:45:56Z
3659950620805,9629060366469,NULL,NULL,1,2021-03-15T15:49:25Z
3659950620805,9629060399237,NULL,NULL,1,2021-03-15T15:49:25Z
3659956420741,9629070884997,NULL,NULL,1,2021-03-15T15:55:02Z
3659961008261,9629079208069,NULL,NULL,1,2021-03-15T15:59:08Z
3659971690629,9629092511877,NULL,NULL,1,2021-03-15T16:02:08Z
3659971690629,9629092544645,NULL,NULL,1,2021-03-15T16:02:08Z
3659974541445,9629099163781,NULL,NULL,1,2021-03-15T16:04:55Z
3659978899589,9629109158021,NULL,NULL,1,2021-03-15T16:09:44Z
3659978899589,9629109190789,NULL,NULL,1,2021-03-15T16:09:44Z
3659982864517,9629118955653,NULL,NULL,1,2021-03-15T16:13:38Z
3659982864517,9629118988421,NULL,NULL,1,2021-03-15T16:13:38Z
3659984830597,9629125247109,NULL,NULL,1,2021-03-15T16:16:03Z
3659987484805,9629130981509,NULL,NULL,1,2021-03-15T16:18:52Z
3659990728837,9629137928325,NULL,NULL,1,2021-03-15T16:21:50Z
3659990728837,9629137961093,NULL,NULL,1,2021-03-15T16:21:50Z
3659990728837,9629137993861,NULL,NULL,1,2021-03-15T16:21:50Z
3659993546885,9629143040133,NULL,NULL,1,2021-03-15T16:24:43Z
3659993546885,9629143072901,NULL,NULL,1,2021-03-15T16:24:43Z
3659995971717,9629146972293,NULL,NULL,1,2021-03-15T16:27:24Z
3659998625925,9629152280709,NULL,NULL,1,2021-03-15T16:30:14Z
3659998625925,9629152313477,NULL,NULL,1,2021-03-15T16:30:14Z
3659999772805,9629155197061,NULL,NULL,1,2021-03-15T16:31:26Z
3659999772805,9629155229829,NULL,NULL,1,2021-03-15T16:31:26Z
3660002885765,9629161390213,NULL,NULL,1,2021-03-15T16:34:42Z
3660006260869,9629166928005,NULL,NULL,1,2021-03-15T16:37:55Z
3660010619013,9629176823941,NULL,NULL,1,2021-03-15T16:41:42Z
3660010619013,9629176856709,NULL,NULL,1,2021-03-15T16:41:42Z
3660011634821,9629178953861,NULL,NULL,1,2021-03-15T16:42:21Z
3660115869829,9629369860229,NULL,NULL,1,2021-03-15T18:02:08Z
3660115869829,9629369892997,NULL,NULL,1,2021-03-15T18:02:08Z
3660125438085,9629389848709,NULL,NULL,1,2021-03-15T18:12:10Z
3660329844869,9629877862533,NULL,NULL,1,2021-03-15T20:27:50Z
3660359565445,9629943693445,NULL,NULL,1,2021-03-15T20:59:12Z
3660359565445,9629943726213,NULL,NULL,1,2021-03-15T20:59:12Z
3660383682693,9629998710917,NULL,NULL,1,2021-03-15T21:23:14Z
3660414419077,9630068572293,NULL,NULL,1,2021-03-15T21:55:26Z
3660522258565,9630291034245,NULL,NULL,1,2021-03-16T00:03:34Z
3660522258565,9630291067013,NULL,NULL,1,2021-03-16T00:03:34Z
3661050118277,9631360843909,NULL,NULL,1,2021-03-16T14:22:38Z
3661050904709,9631361925253,NULL,NULL,1,2021-03-16T14:23:29Z
3661055656069,9631372312709,NULL,NULL,1,2021-03-16T14:28:53Z
3661057589381,9631376998533,NULL,NULL,1,2021-03-16T14:30:47Z
3661059260549,9631380668549,NULL,NULL,1,2021-03-16T14:32:22Z
3661063192709,9631388041349,NULL,NULL,1,2021-03-16T14:35:47Z
3661064732805,9631390892165,NULL,NULL,1,2021-03-16T14:37:45Z
3661066371205,9631395152005,NULL,NULL,1,2021-03-16T14:39:47Z
3661068632197,9631399542917,NULL,NULL,1,2021-03-16T14:41:22Z
3661069910149,9631403507845,NULL,NULL,1,2021-03-16T14:43:01Z
3661072138373,9631408357509,NULL,NULL,1,2021-03-16T14:45:44Z
3661073973381,9631411961989,NULL,NULL,1,2021-03-16T14:47:20Z
3661076627589,9631416451205,NULL,NULL,1,2021-03-16T14:50:03Z
3661079347333,9631421137029,NULL,NULL,1,2021-03-16T14:51:54Z
3661081346181,9631425069189,NULL,NULL,1,2021-03-16T14:54:04Z
3661083607173,9631431753861,NULL,NULL,1,2021-03-16T14:56:27Z
3661083607173,9631431786629,NULL,NULL,1,2021-03-16T14:56:27Z
3661083607173,9631431819397,NULL,NULL,1,2021-03-16T14:56:27Z
3661087834245,9631441420421,NULL,NULL,1,2021-03-16T15:00:21Z
3661089964165,9631445450885,NULL,NULL,1,2021-03-16T15:02:14Z
3661089964165,9631445483653,NULL,NULL,1,2021-03-16T15:02:14Z
3661089964165,9631445516421,NULL,NULL,1,2021-03-16T15:02:14Z
3661092323461,9631451971717,NULL,NULL,1,2021-03-16T15:04:23Z
3661093732485,9631454298245,NULL,NULL,1,2021-03-16T15:05:56Z
3661095207045,9631456460933,NULL,NULL,1,2021-03-16T15:07:07Z
3661098156165,9631463374981,NULL,NULL,1,2021-03-16T15:10:17Z
3661098156165,9631463407749,NULL,NULL,1,2021-03-16T15:10:17Z
3661098156165,9631463440517,NULL,NULL,1,2021-03-16T15:10:17Z
3661098156165,9631463473285,NULL,NULL,1,2021-03-16T15:10:17Z
3661098156165,9631463506053,NULL,NULL,1,2021-03-16T15:10:17Z
3661101301893,9631470715013,NULL,NULL,1,2021-03-16T15:13:06Z
3661105856645,9631479660677,NULL,NULL,1,2021-03-16T15:17:50Z
3661107888261,9631484444805,NULL,NULL,1,2021-03-16T15:19:51Z
3661110575237,9631488999557,NULL,NULL,1,2021-03-16T15:21:59Z
3661112639621,9631492800645,NULL,NULL,1,2021-03-16T15:24:06Z
3661114278021,9631495356549,NULL,NULL,1,2021-03-16T15:25:52Z
3661115949189,9631498535045,NULL,NULL,1,2021-03-16T15:27:49Z
3661119193221,9631507153029,NULL,NULL,1,2021-03-16T15:30:15Z
3661122470021,9631514493061,NULL,NULL,2,2021-03-16T15:32:43Z
3661125353605,9631520882821,NULL,NULL,1,2021-03-16T15:35:52Z
3661125353605,9631520915589,NULL,NULL,1,2021-03-16T15:35:52Z
3661125353605,9631520948357,NULL,NULL,1,2021-03-16T15:35:52Z
3661125353605,9631520981125,NULL,NULL,1,2021-03-16T15:35:52Z
3661125353605,9631521013893,NULL,NULL,1,2021-03-16T15:35:52Z
3661127778437,9631527993477,NULL,NULL,1,2021-03-16T15:38:15Z
3661127778437,9631528026245,NULL,NULL,1,2021-03-16T15:38:15Z
3661133021317,9631540576389,NULL,NULL,1,2021-03-16T15:43:24Z
3661136265349,9631546310789,NULL,NULL,1,2021-03-16T15:46:16Z
3661143998597,9631563382917,NULL,NULL,1,2021-03-16T15:53:45Z
3661147963525,9631570886789,NULL,NULL,1,2021-03-16T15:57:45Z
3661149274245,9631573672069,NULL,NULL,1,2021-03-16T15:58:45Z
3661159596165,9631593103493,NULL,NULL,1,2021-03-16T16:07:59Z