ISBN,QTY
9781942993278,1
9784805317136,1
9781328954350,1
9782365114356,2
9780593836293,2
9781250134417,1
9781419770371,1
9780063277823,1
9781761043666,1
9782957261116,3
9780992833107,1
9780992833169,1
9781736046975,1
9781607748748,1
9780451497017,2
9781579657185,2
9781780278513,1
9781954641143,1
9781399959971,5
9781036920685,3
9788412571622,1
9780062863959,1
9780593804193,1
9788412842111,2
9789932012176,2
9781068394492,1
9781645674221,1
9798986997650,2
9781837290062,3
9781668060315,1
9781648291920,1
9781477322987,18
9780063346963,19
9782221279311,1
9798890034311,1
9781539583820,1
9781250886675,1
9781419758393,2
9780593534861,1
9798893030778,2
9780316579162,3
9780593449523,1
9781761450983,1
9781419760174,1
9781761452260,1
9789997214713,1
9783985410804,1
9783950286823,1
9781837834853,1
9781036905354,1
9781250868701,2
9781421521435,1
9781648292026,1
9781838666279,1
9781419732409,1
9788895218465,1
9781526208699,1
9781250336026,1
9781797227849,3
9781797236353,3
9781579654139,1
9781802050189,1
9781910690314,1
9798895650141,2
9781838668495,1
9780143127154,1
9781797227214,2
9791399009514,1
9780063376502,1
9780688037215,1
9789811897153,1
9782732495163,1
9782221281550,4
9780847875931,1
9781281296114,1
9781645678090,1
9780374608699,1
9780316577991,1
9798218494527,2
9780062216427,1
9781778402128,1
9781408843956,1
9781999225032,1
9781964786186,1
9798217126514,2
9789811804809,1
9786178417048,1
9791281296176,1
9781454956785,1
9780451496997,1
9780393052305,1
9798986997667,1
9781838663124,1
9781906122089,1
9781984861924,1
9781668017647,1
9791040113010,1
9780593535271,1
9781599621616,1
9781648290541,2
9781948340632,2
9781739161743,1
9780375504297,1
9780785238997,1
9780062802767,1
9780593138410,1
9788409651832,1
9781837832019,1
9780063357686,8
9786075980133,7
9780231215312,12
9783791391915,1
9781914298028,9
9780062394033,1
9780593139660,1
9798311370226,4
9780358581802,1
9780593135082,1
9781984858566,1
9780593233252,2
9781648293801,2
9782857087687,2
9788409288267,1
9788409557776,1
9788409783076,1
9780316427258,1
9780714872810,1
9780714876849,1
9780451495372,1
9798986997636,1
9798985037630,2
9781773272474,1
9781838662202,2
9781538765579,1
9798218207397,1
9780525658573,1
9789633860908,1
9788472122130,2
9781909248694,1
9791281296268,1
9798987899199,2
9781579657673,1
9781607749707,1
9789811454370,1
9784805319123,2
9789819442386,1
9781419747823,1
9783791391854,2
9781838666262,1
9780805242195,1
9780393351620,1
9781958417416,1
9781738479559,1
9783791391670,1
9781639731138,1
9783031909474,1
9781501125928,1
9780804186414,1
9780063411418,1
9781736046968,1
9781963814118,1
9780375413407,1
9781837833597,1
9780593418574,6
9781788796071,1
9781399712897,1
9781324105190,1
9781324110484,1
9780061718953,1
9798217305797,1
9781250358158,1
9781611804553,1
9781250123831,1
9781738479504,1
9780735224766,50
9781984826985,1
9789814845366,1
9780743238274,1
9781623718794,1
9781643364216,1
9798887195445,1
9781784886851,1
9780593320747,1
9780393254532,1
9781599904450,1
9783791388397,1
9780847876488,1
9781903018644,1
9781639733576,1
9782379451010,1
9781784886325,1
9789810780005,1
9780393541694,1
9788412571615,1
9782957261154,2
9780399578847,1
9783836508766,1
9780143134923,1
9781984857767,1
9780847844005,1
9781851497638,1
9780520259409,1
9780714849218,1
9781838661861,6
9781449411428,1
9780593836644,1
9781668012840,1
9780393634310,1
9781607748625,1
9781958417614,1
9781797235769,2
9783039422814,1
9782842219611,1
9791281296312,1
9782036076990,1
9781739210526,1
9780593580400,1
9780760385791,1
9780714872834,1
9780735223165,1
9781607748427,1
9798986997629,1
9780593799475,1
9780061288517,1
9781419740404,1
9781607740537,1
9781454961178,1
9781984824707,1
9781419765841,1
9780865474802,1
9781999225049,1
9781501169717,1
9788409748877,1
9780525655510,1
9781837834143,1